cake;;
0.00430000015;0.0957999974;0.00240000011
-180;180;0
2;2;2
