cinnamon;;
0.00999999978;0.0909999982;0
0;0;0
0.00112405804;0.00112405804;0.00112405804
