eclaire;;
-0.000600000028;0.165800005;-0.00289999996
0;-44.7159996;0
0.00223025889;0.00223025889;0.00223025889
