muffin;;
-0.0140000004;-0.00650000013;0.00100000005
0;0;0
0.00887121912;0.00887121912;0.00887121912
