pizza;;
0.564999998;0.561200023;0.784099996
147.591003;27.1879997;0.895004272
0.133197695;0.133197695;0.133197695
